{
    "elapsed_time_sec": 1.0036942000006093,
    "peak_memory_mb": 0.026233673095703125,
    "iterations": 1
}