{
    "elapsed_time_sec": 1.00072349999391,
    "peak_memory_mb": 0.026233673095703125,
    "iterations": 1
}