{
    "accuracy": 0.5081855388813097,
    "precision": 0.38409703504043125,
    "recall": 0.5191256830601093,
    "f1": 0.4415182029434547,
    "f1_weighted": 0.5160263651067857,
    "log_loss": 1.0026665083430333,
    "confusion_matrix": [
        [
            460,
            457
        ],
        [
            264,
            285
        ]
    ],
    "roc_auc": 0.5073346403592931
}