{
    "accuracy": 0.8315143246930423,
    "precision": 0.7443365695792881,
    "recall": 0.8378870673952641,
    "f1": 0.7883461868037703,
    "f1_weighted": 0.8332019176190251,
    "log_loss": 0.6204546436617292,
    "confusion_matrix": [
        [
            759,
            158
        ],
        [
            89,
            460
        ]
    ],
    "roc_auc": 0.8941706244922363
}