{
    "elapsed_time_sec": 0.0016696999955456704,
    "peak_memory_mb": 0.18025970458984375,
    "iterations": 4
}