{
    "elapsed_time_sec": 0.3328654000069946,
    "peak_memory_mb": 0.19661712646484375,
    "iterations": 1493
}