{
    "elapsed_time_sec": 0.2662586999940686,
    "peak_memory_mb": 0.19661712646484375,
    "iterations": 1493
}