{
    "accuracy": 0.8315143246930423,
    "precision": 0.7686832740213523,
    "recall": 0.7868852459016393,
    "f1": 0.7776777677767777,
    "f1_weighted": 0.831898660354718,
    "log_loss": 0.6211110473008342,
    "confusion_matrix": [
        [
            787,
            130
        ],
        [
            117,
            432
        ]
    ],
    "roc_auc": 0.8848327384180219
}