{
    "elapsed_time_sec": 1.7407647000072757,
    "peak_memory_mb": 0.2088451385498047,
    "iterations": 100
}