{
    "elapsed_time_sec": 1.8286940999969374,
    "peak_memory_mb": 0.2088451385498047,
    "iterations": 100
}