{
    "accuracy": 0.7837653478854024,
    "precision": 0.6966101694915254,
    "recall": 0.7486338797814208,
    "f1": 0.7216856892010536,
    "f1_weighted": 0.7851849050555408,
    "log_loss": 1.327444819475181,
    "confusion_matrix": [
        [
            738,
            179
        ],
        [
            138,
            411
        ]
    ],
    "roc_auc": 0.8314949556346127
}