{
    "elapsed_time_sec": 203.15668859999278,
    "peak_memory_mb": 0.5200347900390625,
    "iterations": 20
}